Model,Dataset,ROUGE-1,ROUGE-2,ROUGE-L,BLEU,METEOR
T5-BBC,BBCNews,0.42038216560509556,0.1923076923076923,0.22929936305732482,0.07415331823694736,0.2450587659411605
T5-BBC,BBCNews,0.3975903614457831,0.21951219512195122,0.2891566265060241,0.13326937093657734,0.28737854068403823
T5-BBC,BBCNews,0.32432432432432434,0.07854984894259819,0.14414414414414414,0.017829370825471827,0.14820389717396032
T5-BBC,BBCNews,0.41333333333333333,0.1610738255033557,0.29333333333333333,0.054930454017141174,0.22294130023143283
T5-BBC,BBCNews,0.45,0.24242424242424243,0.37000000000000005,0.161837738733148,0.31996466213553987
T5-BBC,BBCNews,0.33980582524271846,0.1372549019607843,0.24271844660194175,0.09870583393368132,0.24092970166402095
T5-BBC,BBCNews,0.3711340206185567,0.20069204152249137,0.23367697594501716,0.07590532728995292,0.2450666093325373
T5-BBC,BBCNews,0.41951219512195115,0.18719211822660098,0.2829268292682927,0.1744320735625186,0.35912451630735215
T5-BBC,BBCNews,0.5897435897435898,0.29310344827586204,0.4700854700854701,0.13743937241465268,0.40427113359076156
T5-BBC,BBCNews,0.5575757575757576,0.34355828220858897,0.43636363636363634,0.2598351077715699,0.4729718220217593
T5-BBC,BBCNews,0.3360655737704918,0.10743801652892562,0.24590163934426235,0.0,0.16014764644668517
T5-BBC,BBCNews,0.46478873239436624,0.2695035460992908,0.2605633802816901,0.13727209620415415,0.2659357281780588
T5-BBC,BBCNews,0.32817337461300305,0.14953271028037382,0.17337461300309598,0.05150124768704801,0.18346810751781198
T5-BBC,BBCNews,0.4727272727272728,0.25609756097560976,0.3515151515151515,0.11094653803446657,0.2976825358257018
T5-BBC,BBCNews,0.44274809160305345,0.2635658914728682,0.33587786259541985,0.23548183751887156,0.39941035562926114
T5-BBC,BBCNews,0.4137931034482759,0.19767441860465118,0.22988505747126436,0.15297139746741242,0.3849525200876552
T5-BBC,BBCNews,0.47126436781609193,0.2558139534883721,0.3103448275862069,0.19949510008028412,0.4564024858063527
T5-BBC,BBCNews,0.2993197278911565,0.12413793103448277,0.2040816326530612,0.06509753709351504,0.3047471963078359
T5-BBC,BBCNews,0.5348837209302327,0.2941176470588235,0.3837209302325581,0.1874500326555351,0.5076408200219881
T5-BBC,BBCNews,0.41975308641975306,0.1625,0.345679012345679,0.12333604176821181,0.4069663323782235
T5-BBC,BBCNews,0.4094488188976378,0.18253968253968253,0.23622047244094485,0.06435532436918535,0.2202384124595238
T5-BBC,BBCNews,0.5930232558139534,0.3882352941176471,0.5232558139534883,0.28734098354753584,0.5343113676447011
T5-BBC,BBCNews,0.5227272727272727,0.3448275862068966,0.42045454545454547,0.27065129239910407,0.3997472057219927
T5-BBC,BBCNews,0.5345622119815668,0.21395348837209302,0.3410138248847926,0.16721104732656114,0.3984835451978005
T5-BBC,BBCNews,0.4607329842931937,0.2645502645502646,0.39790575916230364,0.2510700349933701,0.4231020376521381
T5-BBC,BBCNews,0.5681818181818182,0.3563218390804598,0.39772727272727276,0.2826518396966807,0.5904400000000001
T5-BBC,BBCNews,0.2654028436018957,0.09569377990430622,0.22748815165876776,0.05043918131584589,0.13992467884309084
T5-BBC,BBCNews,0.2153846153846154,0.03875968992248062,0.13076923076923078,0.0265289852513623,0.11329583715947353
T5-BBC,BBCNews,0.3716814159292035,0.1607142857142857,0.2920353982300885,0.07771834899131708,0.21426974974464902
T5-BBC,BBCNews,0.45454545454545453,0.1971830985915493,0.28671328671328666,0.1361804204284566,0.2779800661015999
BART-BBC,BBCNews,0.36627906976744184,0.18713450292397663,0.21511627906976744,0.11079487895487279,0.22629344899958473
BART-BBC,BBCNews,0.6530612244897959,0.4948453608247423,0.5306122448979592,0.42935699521232035,0.6065388208801477
BART-BBC,BBCNews,0.43454038997214484,0.17927170868347336,0.20612813370473537,0.06843475480481548,0.24086044646909843
BART-BBC,BBCNews,0.5092024539877301,0.36419753086419754,0.3742331288343559,0.22148606573932564,0.34592229615714465
BART-BBC,BBCNews,0.5155555555555557,0.2152466367713004,0.28444444444444444,0.16766440896195248,0.36980822973884553
BART-BBC,BBCNews,0.48847926267281105,0.18604651162790703,0.22119815668202766,0.11546528792556161,0.3396823230100472
BART-BBC,BBCNews,0.40404040404040403,0.20338983050847456,0.24915824915824913,0.09222097806226903,0.24027242182098557
BART-BBC,BBCNews,0.49327354260089684,0.2895927601809955,0.33183856502242154,0.22075325194069512,0.4543608124253285
BART-BBC,BBCNews,0.5176470588235293,0.22134387351778656,0.3058823529411765,0.11566452963954935,0.35846478256460435
BART-BBC,BBCNews,0.6813186813186813,0.3555555555555555,0.5494505494505495,0.3159602242635253,0.5982208808228425
BART-BBC,BBCNews,0.6438356164383562,0.31034482758620685,0.3150684931506849,0.19451210958311135,0.45325058965881204
BART-BBC,BBCNews,0.5333333333333334,0.3194888178913738,0.3619047619047619,0.1826172345367426,0.36189352141222914
BART-BBC,BBCNews,0.4078212290502794,0.1741573033707865,0.20670391061452514,0.10739914090829693,0.26248187259399886
BART-BBC,BBCNews,0.5802816901408451,0.3796033994334278,0.45633802816901403,0.2186752312735573,0.3941388217378407
BART-BBC,BBCNews,0.5396825396825398,0.2903225806451613,0.34920634920634924,0.26262970610931996,0.5022387550337861
BART-BBC,BBCNews,0.41739130434782606,0.21238938053097345,0.24347826086956523,0.0583408452010523,0.2790276465637949
BART-BBC,BBCNews,0.5314685314685315,0.3120567375886525,0.4055944055944057,0.24851766624910024,0.3807923319506911
BART-BBC,BBCNews,0.7172413793103448,0.5174825174825175,0.3724137931034483,0.3927885588765688,0.680856141867733
BART-BBC,BBCNews,0.56,0.30057803468208094,0.2857142857142857,0.13007316163342425,0.4270772668808575
BART-BBC,BBCNews,0.563758389261745,0.23129251700680273,0.42953020134228187,0.17077058518804336,0.4513595644567775
BART-BBC,BBCNews,0.530909090909091,0.27106227106227104,0.2327272727272727,0.1356216782984805,0.33225787361354037
BART-BBC,BBCNews,0.5759162303664922,0.3492063492063492,0.481675392670157,0.30394131642392375,0.5413002297299184
BART-BBC,BBCNews,0.5607476635514019,0.3584905660377358,0.4579439252336448,0.3127240142175384,0.4789166237145031
BART-BBC,BBCNews,0.49606299212598426,0.20634920634920634,0.31496062992125984,0.2083547394216989,0.4272825668434309
BART-BBC,BBCNews,0.6666666666666667,0.3225806451612903,0.39269406392694073,0.23742105722925716,0.6150266712064465
BART-BBC,BBCNews,0.7252747252747251,0.4888888888888888,0.4175824175824176,0.3809110946460072,0.7577993446761775
BART-BBC,BBCNews,0.46445497630331756,0.19138755980861244,0.3127962085308057,0.07294785786177876,0.2759832870223588
BART-BBC,BBCNews,0.5474452554744526,0.22794117647058826,0.2262773722627737,0.18396969020463255,0.3745174770632876
BART-BBC,BBCNews,0.5321888412017167,0.329004329004329,0.4377682403433476,0.16372206035540837,0.3253698743901172
BART-BBC,BBCNews,0.44444444444444453,0.1888111888111888,0.19444444444444445,0.13199430174973126,0.29453382758889546
Pegasus-BBC,BBCNews,0.35593220338983056,0.11931818181818185,0.19209039548022597,0.0759038940700486,0.20536852917805298
Pegasus-BBC,BBCNews,0.4147465437788019,0.20465116279069767,0.34101382488479265,0.15836140252828843,0.42414397040545965
Pegasus-BBC,BBCNews,0.3197831978319783,0.11444141689373297,0.15176151761517614,0.04733472487880663,0.1970785270354875
Pegasus-BBC,BBCNews,0.5059523809523808,0.2874251497005988,0.37499999999999994,0.1757599588605676,0.3572399660118958
Pegasus-BBC,BBCNews,0.5387755102040815,0.29629629629629634,0.31020408163265306,0.2360059196415107,0.4915320640333428
Pegasus-BBC,BBCNews,0.4701195219123505,0.20883534136546186,0.3107569721115538,0.15894586104708,0.3697631735136251
Pegasus-BBC,BBCNews,0.4169184290030212,0.2066869300911854,0.3323262839879154,0.1514308334952118,0.2735746533875474
Pegasus-BBC,BBCNews,0.27419354838709675,0.13008130081300814,0.25806451612903225,0.10911138271142125,0.25372770591838656
Pegasus-BBC,BBCNews,0.6015037593984962,0.24242424242424246,0.3157894736842105,0.18562619557045873,0.3807209575840028
Pegasus-BBC,BBCNews,0.37320574162679426,0.1642512077294686,0.2679425837320575,0.1508549423399425,0.3350641740590554
Pegasus-BBC,BBCNews,0.5320512820512819,0.27741935483870966,0.3269230769230769,0.21408258498720334,0.37849171671335424
Pegasus-BBC,BBCNews,0.3414634146341463,0.1349693251533742,0.18292682926829268,0.08287531857726306,0.18549107142857146
Pegasus-BBC,BBCNews,0.5054945054945055,0.24861878453038672,0.25274725274725274,0.159750763859902,0.30512316334733536
Pegasus-BBC,BBCNews,0.3215258855585831,0.10410958904109589,0.22343324250681199,0.049141167526442646,0.19487419822023658
Pegasus-BBC,BBCNews,0.4855491329479769,0.2690058479532164,0.3468208092485549,0.20362187046085495,0.4710612482758332
Pegasus-BBC,BBCNews,0.41237113402061853,0.17708333333333331,0.28865979381443296,0.09519306455604339,0.36768730097630964
Pegasus-BBC,BBCNews,0.580952380952381,0.34615384615384615,0.3904761904761905,0.21976128745557263,0.6203706747045256
Pegasus-BBC,BBCNews,0.5869565217391305,0.4065934065934066,0.3695652173913043,0.2694329385645346,0.7093444018731375
Pegasus-BBC,BBCNews,0.5073170731707316,0.24630541871921183,0.2536585365853658,0.0734463121814215,0.44750286574586084
Pegasus-BBC,BBCNews,0.17801047120418848,0.031746031746031744,0.13612565445026176,0.0,0.1677481548655538
Pegasus-BBC,BBCNews,0.3892617449664429,0.0945945945945946,0.18120805369127518,0.05234071237963165,0.1865551003999188
Pegasus-BBC,BBCNews,0.5258620689655172,0.3304347826086957,0.49137931034482757,0.24275104671344308,0.5835979217780343
Pegasus-BBC,BBCNews,0.6037735849056604,0.34285714285714286,0.46226415094339623,0.27216328663835226,0.5170536787760202
Pegasus-BBC,BBCNews,0.4351145038167939,0.12307692307692307,0.29007633587786263,0.12422095593877952,0.358848828020966
Pegasus-BBC,BBCNews,0.4351851851851852,0.21495327102803738,0.32407407407407407,0.16505912409339824,0.3483758123969347
Pegasus-BBC,BBCNews,0.4975609756097561,0.27586206896551724,0.40975609756097564,0.18778850244242792,0.5621621180584037
Pegasus-BBC,BBCNews,0.5639097744360902,0.2424242424242424,0.27819548872180455,0.1586534791355239,0.3757998247913162
Pegasus-BBC,BBCNews,0.529616724738676,0.2456140350877193,0.34146341463414637,0.20352713987145818,0.406887698893033
Pegasus-BBC,BBCNews,0.5480427046263346,0.27956989247311825,0.4128113879003559,0.23416471968997607,0.4343090714882694
Pegasus-BBC,BBCNews,0.567741935483871,0.25974025974025977,0.2193548387096774,0.20020691748849723,0.3740886766480295
T5-CNN,CNN/DailyMail,0.2830188679245283,0.1346153846153846,0.18867924528301885,0.0461467118635795,0.5211784338265969
T5-CNN,CNN/DailyMail,0.2772277227722772,0.0404040404040404,0.1782178217821782,0.0,0.20451677472694837
T5-CNN,CNN/DailyMail,0.3486238532110092,0.13084112149532712,0.27522935779816515,0.0,0.4323630136986302
T5-CNN,CNN/DailyMail,0.3076923076923077,0.078125,0.1692307692307692,0.0,0.2582675970873786
T5-CNN,CNN/DailyMail,0.34234234234234234,0.09174311926605505,0.19819819819819823,0.0,0.3594817767653759
T5-CNN,CNN/DailyMail,0.2272727272727273,0.06976744186046513,0.1590909090909091,0.0,0.24625353743246717
T5-CNN,CNN/DailyMail,0.4536082474226804,0.2105263157894737,0.32989690721649484,0.16883931426309903,0.4318433929005591
T5-CNN,CNN/DailyMail,0.06382978723404256,0.0,0.0425531914893617,0.0,0.05128205128205128
T5-CNN,CNN/DailyMail,0.46875,0.23809523809523808,0.359375,0.10145647078905519,0.5783980408339016
T5-CNN,CNN/DailyMail,0.512396694214876,0.25210084033613445,0.2975206611570248,0.17395797375642233,0.4538837810926004
T5-CNN,CNN/DailyMail,0.5,0.25396825396825395,0.3125,0.15187896395936012,0.447989071116728
T5-CNN,CNN/DailyMail,0.2653061224489796,0.041666666666666664,0.2040816326530612,0.0,0.271913385115607
T5-CNN,CNN/DailyMail,0.367816091954023,0.1411764705882353,0.3448275862068966,0.0,0.41105492714723924
T5-CNN,CNN/DailyMail,0.2268041237113402,0.04210526315789474,0.1443298969072165,0.0,0.18774738478936953
T5-CNN,CNN/DailyMail,0.449438202247191,0.2298850574712644,0.29213483146067415,0.12740800388556578,0.4654056744649079
T5-CNN,CNN/DailyMail,0.3724137931034483,0.0979020979020979,0.15172413793103448,0.0,0.34526633492955106
T5-CNN,CNN/DailyMail,0.4096385542168675,0.19753086419753085,0.3373493975903614,0.15207890408810282,0.4035347820998009
T5-CNN,CNN/DailyMail,0.34782608695652173,0.14925373134328357,0.26086956521739135,0.0,0.29613774733637743
T5-CNN,CNN/DailyMail,0.29333333333333333,0.13698630136986303,0.24,0.07279898126284079,0.31213826150160173
T5-CNN,CNN/DailyMail,0.1875,0.015873015873015876,0.125,0.0,0.14285714285714285
T5-CNN,CNN/DailyMail,0.4094488188976378,0.22399999999999998,0.3622047244094488,0.19272196195828403,0.43435800080318354
T5-CNN,CNN/DailyMail,0.3870967741935484,0.13186813186813187,0.27956989247311825,0.09327301870623858,0.28908611293045955
T5-CNN,CNN/DailyMail,0.2903225806451613,0.09836065573770492,0.16129032258064516,0.06018687000243035,0.19292981252857797
T5-CNN,CNN/DailyMail,0.15384615384615383,0.0784313725490196,0.11538461538461539,0.0,0.1996900826446281
T5-CNN,CNN/DailyMail,0.3833333333333333,0.1864406779661017,0.2666666666666667,0.11177924493650551,0.27996600115740733
T5-CNN,CNN/DailyMail,0.16666666666666666,0.0851063829787234,0.16666666666666666,0.04526207724967627,0.1658950617283951
T5-CNN,CNN/DailyMail,0.19548872180451127,0.04580152671755725,0.12030075187969926,0.0,0.15009380863039398
T5-CNN,CNN/DailyMail,0.3833333333333333,0.15254237288135591,0.25,0.0,0.3635237350026082
T5-CNN,CNN/DailyMail,0.2772277227722772,0.0808080808080808,0.1386138613861386,0.0,0.2781231442992874
T5-CNN,CNN/DailyMail,0.2654867256637168,0.07207207207207207,0.17699115044247787,0.0,0.35026544780573615
BART-CNN,CNN/DailyMail,0.21874999999999997,0.0967741935483871,0.18749999999999997,0.0,0.3452083333333333
BART-CNN,CNN/DailyMail,0.46153846153846156,0.15789473684210525,0.2820512820512821,0.08120857143734304,0.34079475299057177
BART-CNN,CNN/DailyMail,0.36111111111111116,0.1142857142857143,0.22222222222222224,0.0,0.3490542558486809
BART-CNN,CNN/DailyMail,0.43396226415094336,0.13461538461538464,0.20754716981132076,0.0,0.36571043771043776
BART-CNN,CNN/DailyMail,0.5,0.20512820512820512,0.275,0.0,0.3647058823529412
BART-CNN,CNN/DailyMail,0.32,0.0821917808219178,0.18666666666666665,0.0,0.22218518209850815
BART-CNN,CNN/DailyMail,0.42857142857142855,0.14634146341463414,0.19047619047619047,0.0,0.2630408185963742
BART-CNN,CNN/DailyMail,0.20289855072463767,0.059701492537313425,0.14492753623188406,0.0,0.15683533687447582
BART-CNN,CNN/DailyMail,0.5185185185185186,0.27848101265822783,0.4691358024691358,0.13619859197371803,0.45959926273856955
BART-CNN,CNN/DailyMail,0.4761904761904762,0.21951219512195122,0.30952380952380953,0.07197469847714015,0.3602497980488411
BART-CNN,CNN/DailyMail,0.48484848484848486,0.16494845360824742,0.24242424242424243,0.08749858816127955,0.3677184466019418
BART-CNN,CNN/DailyMail,0.345679012345679,0.07594936708860761,0.22222222222222224,0.0,0.25517957943055636
BART-CNN,CNN/DailyMail,0.2857142857142857,0.08,0.2597402597402597,0.0,0.2519748676903824
BART-CNN,CNN/DailyMail,0.16666666666666666,0.04878048780487805,0.14285714285714288,0.0,0.18112410656270303
BART-CNN,CNN/DailyMail,0.35135135135135137,0.19444444444444445,0.24324324324324323,0.17425278978576367,0.37076271186440685
BART-CNN,CNN/DailyMail,0.29310344827586204,0.0,0.15517241379310345,0.0,0.18917632450331132
BART-CNN,CNN/DailyMail,0.37681159420289856,0.14925373134328357,0.2608695652173913,0.0,0.2907183228647678
BART-CNN,CNN/DailyMail,0.3188405797101449,0.08955223880597014,0.20289855072463767,0.0,0.2594178082191781
BART-CNN,CNN/DailyMail,0.4571428571428572,0.23529411764705882,0.37142857142857144,0.12047431823957218,0.5056257017805172
BART-CNN,CNN/DailyMail,0.23913043478260868,0.022222222222222227,0.13043478260869565,0.0,0.1505262206965084
BART-CNN,CNN/DailyMail,0.5684210526315789,0.25806451612903225,0.4421052631578948,0.20597780252629827,0.4235294117647058
BART-CNN,CNN/DailyMail,0.3829787234042554,0.08695652173913045,0.2553191489361702,0.0,0.31007542780395964
BART-CNN,CNN/DailyMail,0.44247787610619466,0.16216216216216214,0.2831858407079646,0.10949085663734232,0.3516068052930057
BART-CNN,CNN/DailyMail,0.14893617021276595,0.0,0.0851063829787234,0.0,0.10256410256410256
BART-CNN,CNN/DailyMail,0.627906976744186,0.4285714285714286,0.6046511627906976,0.337624278642376,0.5423917523236573
BART-CNN,CNN/DailyMail,0.3013698630136986,0.14084507042253522,0.24657534246575344,0.10794573109024275,0.27003943831796823
BART-CNN,CNN/DailyMail,0.3191489361702128,0.08695652173913043,0.1914893617021277,0.0,0.2572874493927126
BART-CNN,CNN/DailyMail,0.2549019607843137,0.05999999999999999,0.1568627450980392,0.0,0.14545454545454542
BART-CNN,CNN/DailyMail,0.2926829268292683,0.075,0.24390243902439024,0.0,0.27761194029850744
BART-CNN,CNN/DailyMail,0.2891566265060241,0.07407407407407407,0.19277108433734938,0.0,0.27662314375601094
Pegasus-CNN,CNN/DailyMail,0.17857142857142855,0.05454545454545454,0.10714285714285715,0.0,0.2583333333333333
Pegasus-CNN,CNN/DailyMail,0.4615384615384615,0.19607843137254902,0.2884615384615385,0.11718227243914524,0.3726949152542373
Pegasus-CNN,CNN/DailyMail,0.4285714285714286,0.1951219512195122,0.35714285714285715,0.09703328174669225,0.4693254032915104
Pegasus-CNN,CNN/DailyMail,0.2830188679245283,0.07692307692307691,0.16981132075471697,0.0,0.18789393356867404
Pegasus-CNN,CNN/DailyMail,0.4067796610169491,0.10344827586206896,0.20338983050847456,0.0,0.39442152466367714
Pegasus-CNN,CNN/DailyMail,0.20754716981132074,0.038461538461538464,0.18867924528301885,0.0,0.15544041450777205
Pegasus-CNN,CNN/DailyMail,0.38554216867469876,0.1728395061728395,0.21686746987951808,0.09760998315166054,0.3008322755326001
Pegasus-CNN,CNN/DailyMail,0.48101265822784806,0.18181818181818182,0.3037974683544304,0.13128384462456355,0.40531855955678675
Pegasus-CNN,CNN/DailyMail,0.4791666666666667,0.2127659574468085,0.3333333333333333,0.09764533177773697,0.40720370370370385
Pegasus-CNN,CNN/DailyMail,0.47619047619047616,0.1935483870967742,0.2857142857142857,0.11309487206811891,0.4598941441712983
Pegasus-CNN,CNN/DailyMail,0.5132743362831858,0.19819819819819817,0.26548672566371684,0.10046675982162832,0.4663443286274341
Pegasus-CNN,CNN/DailyMail,0.4146341463414634,0.17500000000000002,0.2682926829268293,0.1242188995129533,0.43410559892554346
Pegasus-CNN,CNN/DailyMail,0.29629629629629634,0.10126582278481013,0.271604938271605,0.0,0.2949766355140187
Pegasus-CNN,CNN/DailyMail,0.22727272727272727,0.07692307692307693,0.18181818181818182,0.0,0.2486127336448598
Pegasus-CNN,CNN/DailyMail,0.45714285714285724,0.27184466019417475,0.38095238095238093,0.13381565724288721,0.506825974025974
Pegasus-CNN,CNN/DailyMail,0.3478260869565217,0.017699115044247787,0.15652173913043477,0.0,0.261611076766071
Pegasus-CNN,CNN/DailyMail,0.393939393939394,0.15625,0.27272727272727276,0.0,0.31374532061345256
Pegasus-CNN,CNN/DailyMail,0.3902439024390244,0.19999999999999998,0.31707317073170727,0.0,0.4263012394500284
Pegasus-CNN,CNN/DailyMail,0.3296703296703297,0.1348314606741573,0.26373626373626374,0.06701310551036416,0.4148727747678019
Pegasus-CNN,CNN/DailyMail,0.36800000000000005,0.13008130081300812,0.24,0.0891350175760428,0.3536237880276713
Pegasus-CNN,CNN/DailyMail,0.25842696629213485,0.14772727272727273,0.23595505617977527,0.1015248354889273,0.33515482695810567
Pegasus-CNN,CNN/DailyMail,0.5420560747663552,0.1904761904761905,0.3177570093457944,0.12335570134267096,0.5012103620132538
Pegasus-CNN,CNN/DailyMail,0.2857142857142857,0.06451612903225806,0.19047619047619047,0.0,0.2250053663971542
Pegasus-CNN,CNN/DailyMail,0.19999999999999998,0.04545454545454546,0.15555555555555553,0.0,0.19274611398963734
Pegasus-CNN,CNN/DailyMail,0.5,0.2549019607843137,0.3269230769230769,0.17156668539327813,0.43281983268720664
Pegasus-CNN,CNN/DailyMail,0.12244897959183675,0.06896551724137931,0.108843537414966,0.035716274456565784,0.198203555974817
Pegasus-CNN,CNN/DailyMail,0.2830188679245283,0.09615384615384616,0.2264150943396226,0.0845275034189224,0.26337687363822504
Pegasus-CNN,CNN/DailyMail,0.31999999999999995,0.11560693641618497,0.2285714285714286,0.05855227847544702,0.37589034911717495
Pegasus-CNN,CNN/DailyMail,0.3357664233576642,0.14814814814814814,0.21897810218978103,0.06098188625039199,0.43184339290055923
Pegasus-CNN,CNN/DailyMail,0.2521008403361345,0.06837606837606837,0.13445378151260504,0.0,0.3164160401002506
GPT-3.5-turbo,BBCNews,0.31210191082802546,0.10256410256410257,0.17834394904458598,0.0,0.12286042939647321
GPT-3.5-turbo,BBCNews,0.42990654205607476,0.20754716981132076,0.28037383177570097,0.0,0.3456031434184676
GPT-3.5-turbo,BBCNews,0.3045977011494253,0.09248554913294799,0.14367816091954022,0.011172081014177689,0.13572225754043937
GPT-3.5-turbo,BBCNews,0.42138364779874216,0.1329113924050633,0.22012578616352205,0.028891734647171218,0.22662216821410305
GPT-3.5-turbo,BBCNews,0.40579710144927533,0.1073170731707317,0.1932367149758454,0.0,0.2730194296772269
GPT-3.5-turbo,BBCNews,0.4210526315789474,0.16814159292035397,0.2280701754385965,0.06891125035792545,0.3358334487740199
GPT-3.5-turbo,BBCNews,0.3719512195121952,0.0920245398773006,0.1768292682926829,0.02139258678936343,0.21100171901859663
GPT-3.5-turbo,BBCNews,0.3932584269662921,0.125,0.21348314606741575,0.04525634511049068,0.2960539361491176
GPT-3.5-turbo,BBCNews,0.3788546255506608,0.11555555555555555,0.2466960352422908,0.036658474804461896,0.276272753999559
GPT-3.5-turbo,BBCNews,0.3773584905660377,0.19108280254777069,0.31446540880503143,0.05577227364466944,0.28994984864052026
GPT-3.5-turbo,BBCNews,0.4344827586206897,0.1875,0.23448275862068962,0.0,0.27833217759907236
GPT-3.5-turbo,BBCNews,0.3277591973244147,0.10101010101010101,0.1939799331103679,0.025349484041463345,0.18627757679117746
GPT-3.5-turbo,BBCNews,0.3855421686746988,0.1393939393939394,0.20481927710843376,0.04974571641552738,0.21065699384411576
GPT-3.5-turbo,BBCNews,0.3048780487804878,0.10429447852760736,0.18292682926829268,0.01911489224017812,0.1767118006001055
GPT-3.5-turbo,BBCNews,0.47058823529411764,0.23931623931623933,0.3529411764705882,0.06262411456218506,0.4302282080059858
GPT-3.5-turbo,BBCNews,0.4146341463414634,0.16049382716049382,0.18292682926829268,0.04730085471993033,0.37238674581500025
GPT-3.5-turbo,BBCNews,0.3975903614457831,0.14634146341463414,0.22891566265060243,0.0,0.29270707633280735
GPT-3.5-turbo,BBCNews,0.43478260869565216,0.16176470588235295,0.24637681159420294,0.0,0.3873342202963789
GPT-3.5-turbo,BBCNews,0.4342857142857143,0.16184971098265893,0.2285714285714286,0.0,0.3332777731477623
GPT-3.5-turbo,BBCNews,0.29007633587786263,0.046511627906976744,0.16793893129770993,0.0,0.20470249165547905
GPT-3.5-turbo,BBCNews,0.4640522875816993,0.1907894736842105,0.2418300653594771,0.0,0.2774055404806074
GPT-3.5-turbo,BBCNews,0.5303867403314917,0.25698324022346364,0.4088397790055249,0.0,0.37348619957537155
GPT-3.5-turbo,BBCNews,0.5586592178770949,0.384180790960452,0.4245810055865922,0.15641742165382716,0.39600214687826263
GPT-3.5-turbo,BBCNews,0.27,0.020202020202020204,0.10999999999999999,0.0,0.16659459862147594
GPT-3.5-turbo,BBCNews,0.3850267379679144,0.19459459459459455,0.25668449197860965,0.11018532263165787,0.28838079986149584
GPT-3.5-turbo,BBCNews,0.4530386740331492,0.18994413407821228,0.2430939226519337,0.04907834503810632,0.4100115015828911
GPT-3.5-turbo,BBCNews,0.42148760330578516,0.08333333333333334,0.1983471074380165,0.0,0.23596634368069083
GPT-3.5-turbo,BBCNews,0.5,0.16058394160583941,0.2246376811594203,0.0656166950034172,0.302775797424657
GPT-3.5-turbo,BBCNews,0.3679245283018868,0.1523809523809524,0.2169811320754717,0.0,0.18743240267994746
GPT-3.5-turbo,BBCNews,0.4857142857142857,0.23741007194244607,0.2714285714285714,0.1515299196742604,0.2739613984600999
GPT-3.5-turbo,CNN/DailyMail,0.14965986394557823,0.041379310344827586,0.09523809523809525,0.0,0.2826492537313433
GPT-3.5-turbo,CNN/DailyMail,0.32812499999999994,0.07936507936507936,0.203125,0.0,0.3063207009331773
GPT-3.5-turbo,CNN/DailyMail,0.28776978417266186,0.04379562043795621,0.1726618705035971,0.0,0.36436899862825795
GPT-3.5-turbo,CNN/DailyMail,0.2631578947368421,0.04,0.15789473684210528,0.0,0.22702991452991456
GPT-3.5-turbo,CNN/DailyMail,0.3649635036496351,0.11851851851851852,0.20437956204379565,0.0,0.3126471280602637
GPT-3.5-turbo,CNN/DailyMail,0.15652173913043477,0.035398230088495575,0.10434782608695652,0.0,0.18446180555555555
GPT-3.5-turbo,CNN/DailyMail,0.30508474576271183,0.06896551724137931,0.15254237288135591,0.0,0.21436645836508664
GPT-3.5-turbo,CNN/DailyMail,0.3165467625899281,0.14598540145985403,0.21582733812949642,0.06210459840320734,0.3598019507110416
GPT-3.5-turbo,CNN/DailyMail,0.39669421487603307,0.13445378151260504,0.3140495867768595,0.0,0.42633863621517953
GPT-3.5-turbo,CNN/DailyMail,0.34666666666666673,0.10810810810810811,0.22666666666666666,0.0,0.3186656722489661
GPT-3.5-turbo,CNN/DailyMail,0.3680981595092025,0.07453416149068323,0.2331288343558282,0.0,0.3119355015981011
GPT-3.5-turbo,CNN/DailyMail,0.32075471698113206,0.07692307692307693,0.2075471698113208,0.0,0.34225126133266326
GPT-3.5-turbo,CNN/DailyMail,0.1791044776119403,0.06060606060606061,0.11940298507462686,0.0,0.23847710993459986
GPT-3.5-turbo,CNN/DailyMail,0.24691358024691357,0.0625,0.20987654320987656,0.0,0.3061224489795919
GPT-3.5-turbo,CNN/DailyMail,0.28368794326241137,0.14388489208633093,0.22695035460992904,0.03916750723592312,0.30609620391366427
GPT-3.5-turbo,CNN/DailyMail,0.2736842105263158,0.05319148936170213,0.10526315789473684,0.0,0.26997115569769264
GPT-3.5-turbo,CNN/DailyMail,0.2255639097744361,0.061068702290076333,0.13533834586466167,0.0,0.32425473980764435
GPT-3.5-turbo,CNN/DailyMail,0.3466666666666666,0.16216216216216214,0.2266666666666667,0.03605870196893114,0.4815466614522691
GPT-3.5-turbo,CNN/DailyMail,0.21538461538461542,0.10937500000000001,0.18461538461538457,0.0,0.27198327359617686
GPT-3.5-turbo,CNN/DailyMail,0.28901734104046245,0.07017543859649124,0.16184971098265896,0.0,0.3026188430226581
GPT-3.5-turbo,CNN/DailyMail,0.3105590062111801,0.12578616352201255,0.2111801242236025,0.0,0.3452028711271585
GPT-3.5-turbo,CNN/DailyMail,0.33333333333333337,0.125,0.2345679012345679,0.0,0.2762500982532475
GPT-3.5-turbo,CNN/DailyMail,0.24444444444444444,0.0898876404494382,0.15555555555555556,0.0,0.2725579741338973
GPT-3.5-turbo,CNN/DailyMail,0.3312883435582822,0.13664596273291926,0.23312883435582818,0.0501565657489674,0.44309330790017487
GPT-3.5-turbo,CNN/DailyMail,0.2695035460992908,0.10071942446043165,0.18439716312056736,0.0,0.2395931406429422
GPT-3.5-turbo,CNN/DailyMail,0.13333333333333333,0.03680981595092025,0.1212121212121212,0.0,0.18532722287204467
GPT-3.5-turbo,CNN/DailyMail,0.29530201342281875,0.04081632653061225,0.14765100671140938,0.0,0.2502836624775584
GPT-3.5-turbo,CNN/DailyMail,0.3050847457627119,0.07999999999999999,0.15819209039548024,0.0,0.30591506243496364
GPT-3.5-turbo,CNN/DailyMail,0.24,0.08108108108108109,0.1733333333333333,0.0,0.24382071702878946
GPT-3.5-turbo,CNN/DailyMail,0.2517482517482517,0.0425531914893617,0.13986013986013987,0.0,0.3039851956108114
